Cam Newton,CAR,30.8 ,18.4 ,227.4 ,1.7 ,0.7 ,7.6 ,41.8 ,0.5 ,0.3 ,21.4 ,
Tom Brady,NE,40.5 ,25.6 ,293.1 ,2.5 ,0.7 ,2.0 ,4.0 ,0.1 ,0.2 ,20.9 ,
Aaron Rodgers,GB,35.4 ,22.3 ,266.7 ,1.9 ,0.5 ,3.9 ,21.1 ,0.1 ,0.2 ,19.3 ,
Derek Carr,OAK,37.7 ,24.2 ,278.8 ,2.1 ,0.8 ,2.1 ,6.5 ,0.1 ,0.3 ,18.3 ,
Carson Palmer,ARI,36.9 ,23.5 ,292.7 ,2.0 ,1.0 ,1.5 ,1.9 ,0.0 ,0.2 ,18.0 ,
Matt Ryan,ATL,37.3 ,24.7 ,290.3 ,1.9 ,0.7 ,1.6 ,4.1 ,0.0 ,0.3 ,17.9 ,
Blake Bortles,JAC,38.5 ,22.8 ,261.5 ,1.8 ,1.2 ,3.5 ,20.3 ,0.1 ,0.2 ,17.6 ,
Matthew Stafford,DET,39.6 ,24.8 ,276.4 ,1.9 ,1.1 ,2.2 ,7.8 ,0.1 ,0.2 ,17.4 ,
Russell Wilson,SEA,28.9 ,17.9 ,225.6 ,1.4 ,0.7 ,6.5 ,36.7 ,0.1 ,0.1 ,17.4 ,
Tyrod Taylor,BUF,32.7 ,19.4 ,228.6 ,1.4 ,0.7 ,6.2 ,31.3 ,0.2 ,0.2 ,17.4 ,
Andy Dalton,CIN,36.0 ,22.7 ,259.9 ,1.8 ,0.8 ,3.4 ,10.1 ,0.1 ,0.2 ,17.0 ,
Philip Rivers,SD,38.6 ,24.7 ,284.6 ,1.9 ,1.2 ,1.1 ,2.1 ,0.0 ,0.2 ,16.5 ,
Tony Romo,DAL,33.5 ,22.0 ,264.1 ,1.8 ,0.8 ,1.7 ,4.9 ,0.1 ,0.2 ,16.4 ,
Alex Smith,KC,33.0 ,21.0 ,232.2 ,1.3 ,0.5 ,4.4 ,23.4 ,0.1 ,0.2 ,16.2 ,
Ryan Fitzpatrick,NYJ,35.0 ,21.2 ,240.9 ,1.4 ,0.8 ,3.6 ,18.3 ,0.1 ,0.2 ,15.8 ,
Joe Flacco,BAL,39.3 ,24.3 ,263.4 ,1.6 ,0.8 ,1.8 ,4.2 ,0.1 ,0.3 ,15.6 ,
Marcus Mariota,TEN,32.8 ,20.6 ,240.0 ,1.5 ,0.8 ,2.7 ,14.8 ,0.1 ,0.3 ,15.3 ,
Mark Sanchez,PHI,36.1 ,22.3 ,251.2 ,1.7 ,1.2 ,2.6 ,8.2 ,0.1 ,0.3 ,15.2 ,
Matt Hasselbeck,IND,37.6 ,23.3 ,258.9 ,1.6 ,1.0 ,1.7 ,2.4 ,0.0 ,0.2 ,15.1 ,
Ryan Tannehill,MIA,36.3 ,23.0 ,255.0 ,1.4 ,0.9 ,1.9 ,7.9 ,0.0 ,0.2 ,14.7 ,
T.J. Yates,HOU,35.0 ,19.9 ,246.3 ,1.7 ,1.2 ,1.5 ,4.9 ,0.0 ,0.2 ,14.4 ,
Jameis Winston,TB,34.8 ,20.1 ,241.5 ,1.1 ,0.9 ,2.9 ,12.9 ,0.2 ,0.3 ,13.9 ,
Teddy Bridgewater,MIN,29.7 ,17.7 ,209.9 ,1.1 ,1.0 ,3.6 ,20.2 ,0.2 ,0.2 ,13.5 ,
Brock Osweiler,DEN,35.3 ,21.6 ,247.5 ,1.2 ,1.1 ,1.7 ,5.7 ,0.0 ,0.1 ,13.3 ,
Jay Cutler,CHI,34.0 ,20.8 ,230.9 ,1.3 ,1.1 ,2.9 ,11.9 ,0.1 ,0.3 ,13.1 ,
Kirk Cousins,WAS,35.7 ,22.1 ,246.8 ,1.2 ,1.4 ,1.0 ,3.7 ,0.1 ,0.2 ,12.1 ,
Case Keenum,STL,29.6 ,18.2 ,202.4 ,1.0 ,0.9 ,2.0 ,9.2 ,0.1 ,0.2 ,11.3 ,
Blaine Gabbert,SF,30.1 ,17.6 ,194.1 ,0.9 ,0.9 ,3.7 ,12.3 ,0.0 ,0.3 ,10.5 ,
Brian Hoyer,HOU,11.7 ,7.0 ,80.3 ,0.5 ,0.5 ,0.7 ,1.3 ,0.0 ,0.3 ,3.6 ,
Nick Foles,STL,7.8 ,4.8 ,52.4 ,0.3 ,0.1 ,0.3 ,0.5 ,0.0 ,0.1 ,3.0 ,
Matt Cassel,DAL,1.1 ,0.6 ,7.0 ,0.0 ,0.0 ,0.1 ,0.4 ,0.0 ,0.0 ,0.4 ,
Colin Kaepernick,SF,1.0 ,0.5 ,5.8 ,0.0 ,0.0 ,0.2 ,1.1 ,0.0 ,0.0 ,0.4 ,
Chad Henne,JAC,1.0 ,0.6 ,6.7 ,0.0 ,0.0 ,0.1 ,0.3 ,0.0 ,0.0 ,0.4 ,
Geno Smith,NYJ,0.8 ,0.5 ,5.6 ,0.0 ,0.0 ,0.1 ,0.5 ,0.0 ,0.0 ,0.4 ,
Mike Glennon,TB,0.9 ,0.6 ,6.4 ,0.0 ,0.0 ,0.1 ,0.3 ,0.0 ,0.0 ,0.4 ,
Matt Schaub,BAL,1.0 ,0.6 ,6.5 ,0.0 ,0.0 ,0.1 ,0.2 ,0.0 ,0.0 ,0.3 ,
Scott Tolzien,GB,0.7 ,0.4 ,5.3 ,0.0 ,0.0 ,0.1 ,0.3 ,0.0 ,0.0 ,0.3 ,
Derek Anderson,CAR,0.7 ,0.4 ,5.2 ,0.0 ,0.0 ,0.1 ,0.2 ,0.0 ,0.0 ,0.3 ,
Tarvaris Jackson,SEA,0.7 ,0.4 ,5.1 ,0.0 ,0.0 ,0.1 ,0.1 ,0.0 ,0.0 ,0.3 ,
Zach Mettenberger,TEN,0.8 ,0.5 ,5.1 ,0.0 ,0.0 ,0.1 ,0.3 ,0.0 ,0.0 ,0.3 ,
E.J. Manuel,BUF,0.9 ,0.5 ,5.1 ,0.0 ,0.0 ,0.1 ,0.5 ,0.0 ,0.0 ,0.3 ,
Jimmy Garoppolo,NE,0.7 ,0.4 ,4.7 ,0.0 ,0.0 ,0.1 ,0.2 ,0.0 ,0.0 ,0.3 ,
Colt McCoy,WAS,0.7 ,0.4 ,4.8 ,0.0 ,0.0 ,0.1 ,0.2 ,0.0 ,0.0 ,0.3 ,
AJ McCarron,CIN,0.7 ,0.4 ,4.6 ,0.0 ,0.0 ,0.1 ,0.2 ,0.0 ,0.0 ,0.2 ,
Dan Orlovsky,DET,0.7 ,0.4 ,4.4 ,0.0 ,0.0 ,0.0 ,0.1 ,0.0 ,0.0 ,0.2 ,
Kellen Clemens,SD,0.4 ,0.3 ,3.1 ,0.0 ,0.0 ,0.1 ,0.0 ,0.0 ,0.0 ,0.2 ,
Matt Moore,MIA,0.2 ,0.2 ,2.1 ,0.0 ,0.0 ,0.0 ,0.0 ,0.0 ,0.0 ,0.1 ,
Matt McGloin,OAK,0.5 ,0.3 ,3.1 ,0.0 ,0.0 ,0.0 ,0.0 ,0.0 ,0.0 ,0.1 ,
Chase Daniel,KC,0.3 ,0.2 ,2.2 ,0.0 ,0.0 ,0.1 ,0.1 ,0.0 ,0.0 ,0.1 ,
Robert Griffin III,WAS,0.2 ,0.1 ,1.3 ,0.0 ,0.0 ,0.1 ,0.3 ,0.0 ,0.0 ,0.1 ,
Charlie Whitehurst,IND,0.3 ,0.1 ,1.7 ,0.0 ,0.0 ,0.0 ,0.2 ,0.0 ,0.0 ,0.1 ,
Jimmy Clausen,CHI,0.7 ,0.3 ,2.9 ,0.0 ,0.0 ,0.1 ,0.1 ,0.0 ,0.0 ,0.1 ,
Drew Stanton,ARI,0.4 ,0.2 ,1.9 ,0.0 ,0.0 ,0.0 ,0.0 ,0.0 ,0.0 ,0.0 ,
Shaun Hill,MIN,0.4 ,0.2 ,1.8 ,0.0 ,0.0 ,0.0 ,0.0 ,0.0 ,0.0 ,0.0 ,
Trevor Siemian,DEN,0.1 ,0.1 ,0.6 ,0.0 ,0.0 ,0.0 ,0.0 ,0.0 ,0.0 ,0.0 ,
Sean Renfree,ATL,0.1 ,0.1 ,0.7 ,0.0 ,0.0 ,0.0 ,0.0 ,0.0 ,0.0 ,0.0 ,
Thad Lewis,PHI,0.1 ,0.0 ,0.4 ,0.0 ,0.0 ,0.0 ,0.0 ,0.0 ,0.0 ,0.0 ,
Ryan Griffin,HOU,0.0 ,0.0 ,0.0 ,0.0 ,0.0 ,0.0 ,0.0 ,0.0 ,0.0 ,0.0 ,
Bryce Petty,NYJ,0.0 ,0.0 ,0.0 ,0.0 ,0.0 ,0.0 ,0.0 ,0.0 ,0.0 ,0.0 ,
Taylor Heinicke,MIN,0.0 ,0.0 ,0.0 ,0.0 ,0.0 ,0.0 ,0.0 ,0.0 ,0.0 ,0.0 ,
Josh McCown,CLE,0.0 ,0.0 ,0.0 ,0.0 ,0.0 ,0.0 ,0.0 ,0.0 ,0.0 ,0.0 ,
Matt Flynn,NO,0.0 ,0.0 ,0.0 ,0.0 ,0.0 ,0.0 ,0.0 ,0.0 ,0.0 ,0.0 ,
Andrew Luck,IND,0.0 ,0.0 ,0.0 ,0.0 ,0.0 ,0.0 ,0.0 ,0.0 ,0.0 ,0.0 ,
Landry Jones,PIT,0.0 ,0.0 ,0.0 ,0.0 ,0.0 ,0.0 ,0.0 ,0.0 ,0.0 ,0.0 ,
Sean Mannion,STL,0.0 ,0.0 ,0.0 ,0.0 ,0.0 ,0.0 ,0.0 ,0.0 ,0.0 ,0.0 ,
Austin Davis,CLE,0.0 ,0.0 ,0.0 ,0.0 ,0.0 ,0.0 ,0.0 ,0.0 ,0.0 ,0.0 ,
Aaron Murray,KC,0.0 ,0.0 ,0.0 ,0.0 ,0.0 ,0.0 ,0.0 ,0.0 ,0.0 ,0.0 ,
Ben Roethlisberger,PIT,0.0 ,0.0 ,0.0 ,0.0 ,0.0 ,0.0 ,0.0 ,0.0 ,0.0 ,0.0 ,
Joe Webb,CAR,0.0 ,0.0 ,0.0 ,0.0 ,0.0 ,0.0 ,0.0 ,0.0 ,0.0 ,0.0 ,
Michael Vick,PIT,0.0 ,0.0 ,0.0 ,0.0 ,0.0 ,0.0 ,0.0 ,0.0 ,0.0 ,0.0 ,
Josh Johnson,BUF,0.0 ,0.0 ,0.0 ,0.0 ,0.0 ,0.0 ,0.0 ,0.0 ,0.0 ,0.0 ,
Sam Bradford,PHI,0.0 ,0.0 ,0.0 ,0.0 ,0.0 ,0.0 ,0.0 ,0.0 ,0.0 ,0.0 ,
Brett Hundley,GB,0.0 ,0.0 ,0.0 ,0.0 ,0.0 ,0.0 ,0.0 ,0.0 ,0.0 ,0.0 ,
Ryan Nassib,NYG,0.0 ,0.0 ,0.0 ,0.0 ,0.0 ,0.0 ,0.0 ,0.0 ,0.0 ,0.0 ,
Johnny Manziel,CLE,0.0 ,0.0 ,0.0 ,0.0 ,0.0 ,0.0 ,0.0 ,0.0 ,0.0 ,0.0 ,
Alex Tanney,IND,0.0 ,0.0 ,0.0 ,0.0 ,0.0 ,0.0 ,0.0 ,0.0 ,0.0 ,0.0 ,
Matt Barkley,ARI,0.0 ,0.0 ,0.0 ,0.0 ,0.0 ,0.0 ,0.0 ,0.0 ,0.0 ,0.0 ,
G.J. Kinne,NYG,0.0 ,0.0 ,0.0 ,0.0 ,0.0 ,0.0 ,0.0 ,0.0 ,0.0 ,0.0 ,
Drew Brees,NO,0.0 ,0.0 ,0.0 ,0.0 ,0.0 ,0.0 ,0.0 ,0.0 ,0.0 ,0.0 ,
Eli Manning,NYG,0.0 ,0.0 ,0.0 ,0.0 ,0.0 ,0.0 ,0.0 ,0.0 ,0.0 ,0.0 ,
Julio Jones,ATL,0.0 ,0.0 ,0.0 ,7.7 ,107.0 ,0.7 ,0.1 ,14.9 ,
DeAndre Hopkins,HOU,0.0 ,0.0 ,0.0 ,6.6 ,88.8 ,0.6 ,0.0 ,12.4 ,
Dez Bryant,DAL,0.0 ,0.0 ,0.0 ,5.8 ,79.8 ,0.7 ,0.0 ,12.0 ,
Mike Evans,TB,0.0 ,0.0 ,0.0 ,5.8 ,88.8 ,0.5 ,0.1 ,11.9 ,
Calvin Johnson,DET,0.0 ,0.0 ,0.0 ,5.9 ,81.4 ,0.6 ,0.1 ,11.8 ,
Larry Fitzgerald,ARI,0.0 ,0.0 ,0.0 ,6.3 ,80.7 ,0.7 ,0.1 ,11.8 ,
Allen Robinson,JAC,0.0 ,0.0 ,0.0 ,5.5 ,79.0 ,0.6 ,0.0 ,11.6 ,
Amari Cooper,OAK,0.2 ,1.1 ,0.0 ,6.0 ,81.3 ,0.6 ,0.1 ,11.6 ,
A.J. Green,CIN,0.0 ,0.3 ,0.0 ,5.9 ,79.9 ,0.6 ,0.1 ,11.5 ,
Demaryius Thomas,DEN,0.0 ,0.0 ,0.0 ,6.4 ,80.7 ,0.5 ,0.1 ,11.1 ,
T.Y. Hilton,IND,0.0 ,0.0 ,0.0 ,5.3 ,73.3 ,0.5 ,0.0 ,10.4 ,
Michael Crabtree,OAK,0.0 ,0.0 ,0.0 ,5.4 ,67.5 ,0.6 ,0.0 ,10.2 ,
Brandon LaFell,NE,0.0 ,0.0 ,0.0 ,5.3 ,68.5 ,0.6 ,0.0 ,10.2 ,
Eric Decker,NYJ,0.0 ,0.0 ,0.0 ,5.1 ,67.6 ,0.6 ,0.1 ,10.1 ,
Brandon Marshall,NYJ,0.0 ,0.0 ,0.0 ,6.0 ,74.3 ,0.4 ,0.1 ,9.7 ,
Randall Cobb,GB,0.3 ,1.7 ,0.0 ,5.7 ,72.8 ,0.4 ,0.0 ,9.7 ,
Sammy Watkins,BUF,0.0 ,0.0 ,0.0 ,4.8 ,64.2 ,0.6 ,0.1 ,9.6 ,
Alshon Jeffery,CHI,0.0 ,0.0 ,0.0 ,5.6 ,72.5 ,0.4 ,0.0 ,9.4 ,
Danny Amendola,NE,0.3 ,1.7 ,0.0 ,5.5 ,61.9 ,0.5 ,0.0 ,9.4 ,
Allen Hurns,JAC,0.0 ,0.0 ,0.0 ,4.1 ,59.6 ,0.6 ,0.1 ,9.3 ,
Michael Floyd,ARI,0.0 ,0.0 ,0.0 ,3.8 ,59.0 ,0.5 ,0.0 ,9.1 ,
Kamar Aiken,BAL,0.0 ,0.0 ,0.0 ,5.3 ,65.8 ,0.4 ,0.1 ,9.1 ,
Stefon Diggs,MIN,0.2 ,1.4 ,0.0 ,4.4 ,61.1 ,0.5 ,0.0 ,9.1 ,
Jarvis Landry,MIA,1.1 ,6.6 ,0.0 ,6.2 ,64.4 ,0.3 ,0.1 ,8.7 ,
Davante Adams,GB,0.0 ,0.0 ,0.0 ,4.8 ,60.0 ,0.5 ,0.0 ,8.7 ,
Rishard Matthews,MIA,0.0 ,0.5 ,0.0 ,4.4 ,55.8 ,0.5 ,0.0 ,8.5 ,
Jeremy Maclin,KC,0.0 ,0.5 ,0.0 ,5.1 ,67.3 ,0.3 ,0.0 ,8.5 ,
Golden Tate,DET,0.2 ,1.2 ,0.0 ,4.6 ,57.6 ,0.4 ,0.1 ,8.4 ,
Tavon Austin,STL,2.4 ,16.4 ,0.1 ,3.7 ,41.3 ,0.4 ,0.1 ,8.3 ,
Emmanuel Sanders,DEN,0.2 ,1.0 ,0.0 ,4.6 ,63.3 ,0.3 ,0.0 ,8.3 ,
Steve Johnson,SD,0.0 ,0.0 ,0.0 ,5.1 ,64.7 ,0.3 ,0.0 ,8.1 ,
Donte Moncrief,IND,0.0 ,0.0 ,0.0 ,4.1 ,51.1 ,0.5 ,0.0 ,7.8 ,
Jordan Matthews,PHI,0.0 ,0.0 ,0.0 ,4.8 ,59.2 ,0.3 ,0.1 ,7.5 ,
Chris Givens,BAL,0.1 ,0.7 ,0.0 ,3.3 ,45.4 ,0.4 ,0.0 ,6.8 ,
DeSean Jackson,WAS,0.0 ,0.3 ,0.0 ,3.6 ,55.7 ,0.2 ,0.0 ,6.8 ,
John Brown,ARI,0.1 ,0.6 ,0.0 ,3.6 ,52.4 ,0.2 ,0.1 ,6.7 ,
Nate Washington,HOU,0.0 ,0.0 ,0.0 ,3.7 ,52.5 ,0.2 ,0.0 ,6.6 ,
Marvin Jones,CIN,0.2 ,1.1 ,0.0 ,4.0 ,50.5 ,0.2 ,0.0 ,6.5 ,
Malcom Floyd,SD,0.0 ,0.0 ,0.0 ,2.7 ,43.4 ,0.3 ,0.0 ,6.3 ,
Ted Ginn,CAR,0.5 ,2.3 ,0.0 ,3.1 ,45.1 ,0.2 ,0.0 ,6.2 ,
Doug Baldwin,SEA,0.0 ,0.0 ,0.0 ,3.6 ,48.2 ,0.2 ,0.0 ,6.1 ,
Dexter McCluster,TEN,5.8 ,20.0 ,0.1 ,3.1 ,28.6 ,0.1 ,0.0 ,6.1 ,
James Jones,GB,0.0 ,0.0 ,0.0 ,2.9 ,42.1 ,0.3 ,0.0 ,5.9 ,
Terrance Williams,DAL,0.0 ,0.0 ,0.0 ,3.0 ,43.2 ,0.3 ,0.0 ,5.9 ,
Leonard Hankerson,ATL,0.0 ,0.0 ,0.0 ,3.0 ,41.8 ,0.2 ,0.0 ,5.7 ,
Pierre Garcon,WAS,0.0 ,0.0 ,0.0 ,4.0 ,45.7 ,0.2 ,0.0 ,5.6 ,
Dorial Green-Beckham,TEN,0.1 ,0.6 ,0.0 ,3.1 ,43.5 ,0.2 ,0.0 ,5.5 ,
Robert Woods,BUF,0.1 ,0.6 ,0.0 ,3.4 ,42.4 ,0.2 ,0.1 ,5.3 ,
Harry Douglas,TEN,0.0 ,0.4 ,0.0 ,3.4 ,40.8 ,0.2 ,0.0 ,5.1 ,
Cecil Shorts,HOU,0.0 ,0.0 ,0.0 ,3.7 ,42.5 ,0.2 ,0.1 ,5.0 ,
Anquan Boldin,SF,0.0 ,0.0 ,0.0 ,3.3 ,39.7 ,0.2 ,0.0 ,4.9 ,
Dontrelle Inman,SD,0.0 ,0.0 ,0.0 ,3.1 ,40.8 ,0.2 ,0.1 ,4.9 ,
Jamison Crowder,WAS,0.1 ,0.4 ,0.0 ,3.8 ,39.7 ,0.2 ,0.0 ,4.9 ,
Andre Johnson,IND,0.0 ,0.0 ,0.0 ,3.0 ,36.0 ,0.2 ,0.1 ,4.8 ,
Torrey Smith,SF,0.0 ,0.0 ,0.0 ,2.5 ,36.8 ,0.2 ,0.0 ,4.7 ,
Philly Brown,CAR,0.4 ,2.4 ,0.0 ,2.4 ,33.7 ,0.2 ,0.0 ,4.7 ,
Mike Wallace,MIN,0.0 ,0.0 ,0.0 ,2.6 ,35.8 ,0.2 ,0.0 ,4.7 ,
Jermaine Kearse,SEA,0.0 ,0.0 ,0.0 ,2.7 ,36.0 ,0.2 ,0.0 ,4.5 ,
Kenny Britt,STL,0.0 ,0.0 ,0.0 ,2.3 ,35.7 ,0.1 ,0.0 ,4.4 ,
Tyler Lockett,SEA,0.2 ,1.4 ,0.0 ,2.5 ,34.2 ,0.2 ,0.1 ,4.4 ,
Eddie Royal,CHI,0.0 ,0.3 ,0.0 ,3.0 ,30.6 ,0.2 ,0.1 ,4.1 ,
Roddy White,ATL,0.0 ,0.0 ,0.0 ,2.5 ,31.3 ,0.1 ,0.0 ,4.0 ,
Kenny Stills,MIA,0.0 ,0.0 ,0.0 ,2.2 ,30.7 ,0.1 ,0.0 ,3.9 ,
Mohamed Sanu,CIN,0.1 ,0.9 ,0.0 ,2.4 ,29.5 ,0.1 ,0.0 ,3.8 ,
Cole Beasley,DAL,0.0 ,0.0 ,0.0 ,2.7 ,29.9 ,0.1 ,0.1 ,3.7 ,
Lance Moore,DET,0.0 ,0.0 ,0.0 ,2.3 ,26.8 ,0.2 ,0.1 ,3.6 ,
Jerricho Cotchery,CAR,0.0 ,0.0 ,0.0 ,2.1 ,25.6 ,0.2 ,0.0 ,3.6 ,
Chris Hogan,BUF,0.0 ,0.0 ,0.0 ,2.3 ,27.4 ,0.1 ,0.0 ,3.5 ,
Albert Wilson,KC,0.0 ,0.0 ,0.0 ,2.0 ,28.0 ,0.1 ,0.0 ,3.5 ,
Vincent Jackson,TB,0.0 ,0.0 ,0.0 ,1.8 ,25.0 ,0.2 ,0.0 ,3.4 ,
Marquess Wilson,CHI,0.0 ,0.0 ,0.0 ,2.2 ,27.7 ,0.1 ,0.0 ,3.3 ,
Javontee Herndon,SD,0.0 ,0.0 ,0.0 ,1.6 ,24.4 ,0.1 ,0.0 ,3.2 ,
Devin Funchess,CAR,0.0 ,0.0 ,0.0 ,1.9 ,25.5 ,0.1 ,0.0 ,3.2 ,
Wes Welker,STL,0.0 ,0.0 ,0.0 ,2.5 ,25.6 ,0.1 ,0.0 ,3.2 ,
Nelson Agholor,PHI,0.0 ,0.0 ,0.0 ,2.0 ,25.9 ,0.1 ,0.1 ,3.2 ,
Donteea Dye,TB,0.0 ,0.0 ,0.0 ,1.9 ,25.3 ,0.1 ,0.0 ,3.1 ,
Brian Quick,STL,0.0 ,0.0 ,0.0 ,1.7 ,22.9 ,0.1 ,0.0 ,3.1 ,
De'Anthony Thomas,KC,1.0 ,4.8 ,0.0 ,1.9 ,18.6 ,0.1 ,0.0 ,2.9 ,
Rashad Greene,JAC,0.0 ,0.0 ,0.0 ,1.5 ,18.1 ,0.2 ,0.0 ,2.7 ,
Andre Holmes,OAK,0.0 ,0.0 ,0.0 ,1.0 ,16.3 ,0.2 ,0.0 ,2.7 ,
Jarius Wright,MIN,0.0 ,0.0 ,0.0 ,1.8 ,22.6 ,0.1 ,0.0 ,2.6 ,
Riley Cooper,PHI,0.0 ,0.0 ,0.0 ,1.4 ,18.3 ,0.1 ,0.0 ,2.6 ,
Quincy Enunwa,NYJ,0.0 ,0.0 ,0.0 ,1.7 ,19.5 ,0.1 ,0.0 ,2.6 ,
Josh Huff,PHI,0.0 ,0.0 ,0.0 ,1.9 ,20.7 ,0.1 ,0.1 ,2.5 ,
Jeremy Kerley,NYJ,0.0 ,0.0 ,0.0 ,1.8 ,19.5 ,0.1 ,0.0 ,2.5 ,
Marqise Lee,JAC,0.1 ,0.9 ,0.0 ,1.5 ,20.0 ,0.1 ,0.0 ,2.5 ,
Jerome Simpson,SF,0.0 ,0.0 ,0.0 ,1.8 ,22.6 ,0.0 ,0.0 ,2.5 ,
Aaron Dobson,NE,0.0 ,0.0 ,0.0 ,1.6 ,19.0 ,0.1 ,0.0 ,2.4 ,
Seth Roberts,OAK,0.0 ,0.0 ,0.0 ,1.2 ,15.8 ,0.1 ,0.0 ,2.4 ,
Charles Johnson,MIN,0.0 ,0.0 ,0.0 ,1.5 ,19.4 ,0.1 ,0.0 ,2.3 ,
Marlon Brown,BAL,0.0 ,0.0 ,0.0 ,1.5 ,18.1 ,0.1 ,0.0 ,2.2 ,
Quinton Patton,SF,0.0 ,0.0 ,0.0 ,1.4 ,17.7 ,0.1 ,0.1 ,2.1 ,
Bryan Walters,JAC,0.0 ,0.0 ,0.0 ,1.3 ,15.5 ,0.1 ,0.0 ,2.0 ,
Kenbrell Thompkins,NYJ,0.0 ,0.0 ,0.0 ,1.3 ,15.4 ,0.1 ,0.0 ,2.0 ,
Bennie Fowler,DEN,0.0 ,0.0 ,0.0 ,1.4 ,15.0 ,0.1 ,0.0 ,2.0 ,
Miles Austin,PHI,0.0 ,0.0 ,0.0 ,1.1 ,15.0 ,0.1 ,0.0 ,1.9 ,
Ryan Grant,WAS,0.0 ,0.0 ,0.0 ,1.3 ,15.3 ,0.1 ,0.0 ,1.9 ,
Devin Street,DAL,0.0 ,0.0 ,0.0 ,0.6 ,12.9 ,0.1 ,0.0 ,1.9 ,
Keshawn Martin,NE,0.0 ,0.0 ,0.0 ,1.1 ,12.3 ,0.1 ,0.0 ,1.8 ,
Adam Humphries,TB,0.0 ,0.0 ,0.0 ,1.4 ,16.0 ,0.0 ,0.0 ,1.8 ,
Jaelen Strong,HOU,0.0 ,0.0 ,0.0 ,0.9 ,12.7 ,0.1 ,0.0 ,1.8 ,
Ty Montgomery,GB,0.1 ,0.7 ,0.0 ,1.2 ,12.6 ,0.1 ,0.0 ,1.8 ,
Griff Whalen,IND,0.0 ,0.0 ,0.0 ,1.1 ,14.1 ,0.1 ,0.0 ,1.7 ,
Chris Conley,KC,0.0 ,0.0 ,0.0 ,1.2 ,13.8 ,0.1 ,0.0 ,1.7 ,
Jaron Brown,ARI,0.1 ,0.3 ,0.0 ,0.9 ,12.1 ,0.1 ,0.0 ,1.7 ,
Jason Avant,KC,0.0 ,0.0 ,0.0 ,1.2 ,12.7 ,0.1 ,0.0 ,1.7 ,
Andre Caldwell,DEN,0.0 ,0.0 ,0.0 ,1.2 ,14.1 ,0.0 ,0.0 ,1.7 ,
Tre McBride,TEN,0.0 ,0.0 ,0.0 ,0.7 ,10.0 ,0.1 ,0.0 ,1.6 ,
Justin Hardy,ATL,0.0 ,0.0 ,0.0 ,1.3 ,12.5 ,0.1 ,0.0 ,1.6 ,
Greg Jennings,MIA,0.0 ,0.0 ,0.0 ,1.0 ,11.3 ,0.1 ,0.0 ,1.5 ,
Brandon Tate,CIN,0.0 ,0.0 ,0.0 ,0.8 ,10.4 ,0.1 ,0.0 ,1.5 ,
Jordan Norwood,DEN,0.0 ,0.0 ,0.0 ,0.9 ,8.9 ,0.1 ,0.0 ,1.2 ,
Devin Smith,NYJ,0.0 ,0.0 ,0.0 ,0.8 ,9.5 ,0.1 ,0.1 ,1.1 ,
Nick Williams,KC,0.0 ,0.0 ,0.0 ,0.6 ,7.5 ,0.0 ,0.0 ,1.0 ,
Corey Fuller,DET,0.0 ,0.0 ,0.0 ,0.7 ,9.7 ,0.0 ,0.1 ,0.9 ,
Jeremy Butler,BAL,0.0 ,0.0 ,0.0 ,0.5 ,7.0 ,0.0 ,0.0 ,0.9 ,
Keith Mumphery,HOU,0.0 ,0.0 ,0.0 ,0.8 ,8.1 ,0.0 ,0.0 ,0.9 ,
Bruce Ellington,SF,0.0 ,0.0 ,0.0 ,0.7 ,6.4 ,0.0 ,0.0 ,0.9 ,
Devante Parker,MIA,0.0 ,0.0 ,0.0 ,0.5 ,7.1 ,0.0 ,0.0 ,0.9 ,
Marc Mariani,CHI,0.0 ,0.0 ,0.0 ,0.5 ,6.2 ,0.0 ,0.0 ,0.8 ,
Paul Richardson,SEA,0.0 ,0.0 ,0.0 ,0.5 ,7.2 ,0.0 ,0.0 ,0.7 ,
Tyrell Williams,SD,0.0 ,0.0 ,0.0 ,0.5 ,6.8 ,0.0 ,0.0 ,0.7 ,
Stedman Bailey,STL,0.0 ,0.0 ,0.0 ,0.5 ,5.0 ,0.0 ,0.0 ,0.5 ,
Marcus Easley,BUF,0.0 ,0.0 ,0.0 ,0.2 ,3.8 ,0.0 ,0.0 ,0.5 ,
Brice Butler,DAL,0.0 ,0.0 ,0.0 ,0.2 ,3.3 ,0.0 ,0.0 ,0.4 ,
Denarius Moore,BUF,0.0 ,0.0 ,0.0 ,0.2 ,3.5 ,0.0 ,0.0 ,0.4 ,
Cameron Meredith,CHI,0.0 ,0.0 ,0.0 ,0.3 ,3.2 ,0.0 ,0.0 ,0.4 ,
Lucky Whitehead,DAL,0.2 ,1.2 ,0.0 ,0.2 ,2.4 ,0.0 ,0.0 ,0.4 ,
Cody Latimer,DEN,0.0 ,0.0 ,0.0 ,0.3 ,3.3 ,0.0 ,0.0 ,0.3 ,
Jeff Janis,GB,0.0 ,0.0 ,0.0 ,0.1 ,2.7 ,0.0 ,0.0 ,0.3 ,
J.J. Nelson,ARI,0.0 ,0.0 ,0.0 ,0.1 ,2.5 ,0.0 ,0.0 ,0.3 ,
Adam Thielen,MIN,0.0 ,0.2 ,0.0 ,0.3 ,2.6 ,0.0 ,0.0 ,0.3 ,
Deonte Thompson,CHI,0.0 ,0.0 ,0.0 ,0.2 ,2.7 ,0.0 ,0.0 ,0.3 ,
Joseph Morgan,BAL,0.0 ,0.0 ,0.0 ,0.2 ,2.8 ,0.0 ,0.0 ,0.3 ,
Saalim Hakim,KC,0.0 ,0.0 ,0.0 ,0.2 ,2.3 ,0.0 ,0.0 ,0.3 ,
DeAndrew White,SF,0.0 ,0.0 ,0.0 ,0.2 ,2.6 ,0.0 ,0.0 ,0.3 ,
Andre Roberts,WAS,0.0 ,0.0 ,0.0 ,0.2 ,2.4 ,0.0 ,0.0 ,0.3 ,
Seyi Ajirotutu,PHI,0.0 ,0.0 ,0.0 ,0.2 ,2.4 ,0.0 ,0.0 ,0.2 ,
Eric Weems,ATL,0.0 ,0.0 ,0.0 ,0.1 ,1.7 ,0.0 ,0.0 ,0.2 ,
Josh Bellamy,CHI,0.0 ,0.0 ,0.0 ,0.2 ,1.9 ,0.0 ,0.0 ,0.2 ,
Cordarrelle Patterson,MIN,0.2 ,1.1 ,0.0 ,0.1 ,0.8 ,0.0 ,0.0 ,0.2 ,
Rod Streater,OAK,0.0 ,0.0 ,0.0 ,0.2 ,1.8 ,0.0 ,0.0 ,0.2 ,
Rashad Ross,WAS,0.0 ,0.0 ,0.0 ,0.1 ,1.4 ,0.0 ,0.0 ,0.2 ,
Quan Bray,IND,0.0 ,0.0 ,0.0 ,0.1 ,0.8 ,0.0 ,0.0 ,0.1 ,
TJ Jones,DET,0.0 ,0.1 ,0.0 ,0.1 ,0.9 ,0.0 ,0.0 ,0.1 ,
Chris Owusu,NYJ,0.0 ,0.0 ,0.0 ,0.1 ,1.1 ,0.0 ,0.0 ,0.1 ,
Russell Shepard,TB,0.0 ,0.0 ,0.0 ,0.1 ,0.7 ,0.0 ,0.0 ,0.1 ,
Bradley Marquez,STL,0.0 ,0.0 ,0.0 ,0.1 ,0.6 ,0.0 ,0.0 ,0.1 ,
Jared Abbrederis,GB,0.0 ,0.0 ,0.0 ,0.1 ,0.4 ,0.0 ,0.0 ,0.0 ,
Rico Richardson,TEN,0.0 ,0.0 ,0.0 ,0.0 ,0.1 ,0.0 ,0.0 ,0.0 ,
Kevin Norwood,CAR,0.0 ,0.0 ,0.0 ,0.0 ,0.0 ,0.0 ,0.0 ,0.0 ,
Matt Slater,NE,0.0 ,0.0 ,0.0 ,0.0 ,0.0 ,0.0 ,0.0 ,0.0 ,
Andrew Hawkins,CLE,0.0 ,0.0 ,0.0 ,0.0 ,0.0 ,0.0 ,0.0 ,0.0 ,
Mario Alford,CIN,0.0 ,0.0 ,0.0 ,0.0 ,0.0 ,0.0 ,0.0 ,0.0 ,
Markus Wheaton,PIT,0.0 ,0.0 ,0.0 ,0.0 ,0.0 ,0.0 ,0.0 ,0.0 ,
Myles White,NYG,0.0 ,0.0 ,0.0 ,0.0 ,0.0 ,0.0 ,0.0 ,0.0 ,
Marques Colston,NO,0.0 ,0.0 ,0.0 ,0.0 ,0.0 ,0.0 ,0.0 ,0.0 ,
Brandin Cooks,NO,0.0 ,0.0 ,0.0 ,0.0 ,0.0 ,0.0 ,0.0 ,0.0 ,
Dwayne Bowe,CLE,0.0 ,0.0 ,0.0 ,0.0 ,0.0 ,0.0 ,0.0 ,0.0 ,
Taylor Gabriel,CLE,0.0 ,0.0 ,0.0 ,0.0 ,0.0 ,0.0 ,0.0 ,0.0 ,
Darrius Heyward-Bey,PIT,0.0 ,0.0 ,0.0 ,0.0 ,0.0 ,0.0 ,0.0 ,0.0 ,
Phillip Dorsett,IND,0.0 ,0.0 ,0.0 ,0.0 ,0.0 ,0.0 ,0.0 ,0.0 ,
Marlon Moore,CLE,0.0 ,0.0 ,0.0 ,0.0 ,0.0 ,0.0 ,0.0 ,0.0 ,
Chris Harper,NE,0.0 ,0.0 ,0.0 ,0.0 ,0.0 ,0.0 ,0.0 ,0.0 ,
Willie Snead,NO,0.0 ,0.0 ,0.0 ,0.0 ,0.0 ,0.0 ,0.0 ,0.0 ,
Rueben Randle,NYG,0.0 ,0.0 ,0.0 ,0.0 ,0.0 ,0.0 ,0.0 ,0.0 ,
Travis Benjamin,CLE,0.0 ,0.0 ,0.0 ,0.0 ,0.0 ,0.0 ,0.0 ,0.0 ,
Tony Lippett,MIA,0.0 ,0.0 ,0.0 ,0.0 ,0.0 ,0.0 ,0.0 ,0.0 ,
Odell Beckham Jr.,NYG,0.0 ,0.0 ,0.0 ,0.0 ,0.0 ,0.0 ,0.0 ,0.0 ,
Justin Blackmon,JAC,0.0 ,0.0 ,0.0 ,0.0 ,0.0 ,0.0 ,0.0 ,0.0 ,
Brian Hartline,CLE,0.0 ,0.0 ,0.0 ,0.0 ,0.0 ,0.0 ,0.0 ,0.0 ,
Martavis Bryant,PIT,0.0 ,0.0 ,0.0 ,0.0 ,0.0 ,0.0 ,0.0 ,0.0 ,
Jacoby Jones,PIT,0.0 ,0.0 ,0.0 ,0.0 ,0.0 ,0.0 ,0.0 ,0.0 ,
Sammie Coates,PIT,0.0 ,0.0 ,0.0 ,0.0 ,0.0 ,0.0 ,0.0 ,0.0 ,
Brittan Golden,ARI,0.0 ,0.0 ,0.0 ,0.0 ,0.0 ,0.0 ,0.0 ,0.0 ,
Antonio Brown,PIT,0.0 ,0.0 ,0.0 ,0.0 ,0.0 ,0.0 ,0.0 ,0.0 ,
Brandon Coleman,NO,0.0 ,0.0 ,0.0 ,0.0 ,0.0 ,0.0 ,0.0 ,0.0 ,
Dwayne Harris,NYG,0.0 ,0.0 ,0.0 ,0.0 ,0.0 ,0.0 ,0.0 ,0.0 ,
Geremy Davis,NYG,0.0 ,0.0 ,0.0 ,0.0 ,0.0 ,0.0 ,0.0 ,0.0 ,
T.J. Graham,NO,0.0 ,0.0 ,0.0 ,0.0 ,0.0 ,0.0 ,0.0 ,0.0 ,
Matt Hazel,MIA,0.0 ,0.0 ,0.0 ,0.0 ,0.0 ,0.0 ,0.0 ,0.0 ,
Devonta Freeman,ATL,18.2 ,79.8 ,0.8 ,4.5 ,40.1 ,0.1 ,0.1 ,17.5 ,
Adrian Peterson,MIN,22.0 ,102.4 ,0.8 ,1.9 ,13.9 ,0.0 ,0.1 ,16.3 ,
Todd Gurley,STL,19.8 ,86.9 ,0.7 ,2.6 ,20.8 ,0.1 ,0.1 ,15.1 ,
Charcandrick West,KC,16.6 ,78.1 ,0.7 ,3.2 ,26.1 ,0.1 ,0.2 ,15.0 ,
Darren McFadden,DAL,18.2 ,78.2 ,0.6 ,3.2 ,26.5 ,0.1 ,0.1 ,14.8 ,
Marshawn Lynch,SEA,17.9 ,77.4 ,0.7 ,1.9 ,15.1 ,0.1 ,0.1 ,13.9 ,
Lamar Miller,MIA,14.4 ,66.4 ,0.6 ,4.1 ,31.2 ,0.1 ,0.1 ,13.7 ,
Christopher Ivory,NYJ,17.9 ,78.4 ,0.6 ,2.3 ,17.0 ,0.1 ,0.1 ,13.4 ,
DeMarco Murray,PHI,17.1 ,64.2 ,0.7 ,3.6 ,27.5 ,0.1 ,0.2 ,13.3 ,
Jeremy Langford,CHI,15.7 ,58.3 ,0.6 ,3.5 ,30.5 ,0.1 ,0.1 ,12.9 ,
Jonathan Stewart,CAR,18.0 ,80.6 ,0.6 ,1.2 ,7.6 ,0.0 ,0.2 ,12.4 ,
LeSean McCoy,BUF,15.8 ,65.8 ,0.5 ,2.7 ,21.9 ,0.1 ,0.2 ,12.1 ,
Latavius Murray,OAK,16.2 ,67.2 ,0.6 ,2.5 ,16.7 ,0.1 ,0.2 ,12.1 ,
LeGarrette Blount,NE,16.1 ,71.6 ,0.5 ,1.2 ,9.5 ,0.1 ,0.1 ,11.1 ,
T.J. Yeldon,JAC,16.4 ,64.5 ,0.3 ,3.3 ,21.6 ,0.1 ,0.1 ,11.1 ,
Doug Martin,TB,16.7 ,65.5 ,0.4 ,2.5 ,19.8 ,0.1 ,0.2 ,11.1 ,
Frank Gore,IND,17.0 ,66.7 ,0.3 ,2.7 ,21.2 ,0.1 ,0.2 ,10.8 ,
James Starks,GB,12.9 ,54.7 ,0.4 ,2.9 ,22.6 ,0.1 ,0.1 ,10.5 ,
Justin Forsett,BAL,16.4 ,66.0 ,0.3 ,2.9 ,19.1 ,0.1 ,0.1 ,10.4 ,
Chris Johnson,ARI,15.4 ,70.4 ,0.3 ,1.3 ,9.9 ,0.0 ,0.2 ,9.9 ,
Giovani Bernard,CIN,10.9 ,47.4 ,0.4 ,3.1 ,23.1 ,0.1 ,0.1 ,9.9 ,
Ronnie Hillman,DEN,12.9 ,55.4 ,0.5 ,1.6 ,11.6 ,0.0 ,0.1 ,9.8 ,
Danny Woodhead,SD,6.9 ,27.7 ,0.1 ,4.8 ,41.4 ,0.4 ,0.1 ,9.6 ,
Carlos Hyde,SF,12.9 ,46.8 ,0.3 ,1.7 ,11.1 ,0.0 ,0.1 ,7.2 ,
Antonio Andrews,TEN,12.9 ,45.7 ,0.2 ,1.4 ,13.6 ,0.0 ,0.1 ,7.2 ,
Jeremy Hill,CIN,11.0 ,42.9 ,0.3 ,1.4 ,11.2 ,0.0 ,0.2 ,7.0 ,
Melvin Gordon,SD,12.2 ,47.0 ,0.2 ,1.7 ,10.8 ,0.1 ,0.2 ,7.0 ,
Eddie Lacy,GB,9.6 ,41.2 ,0.3 ,1.2 ,9.7 ,0.0 ,0.1 ,6.6 ,
Matt Jones,WAS,9.5 ,39.2 ,0.2 ,2.0 ,17.1 ,0.1 ,0.3 ,6.6 ,
Joique Bell,DET,9.8 ,35.3 ,0.3 ,1.4 ,11.9 ,0.0 ,0.1 ,6.3 ,
Karlos Williams,BUF,7.6 ,33.4 ,0.2 ,1.3 ,11.7 ,0.1 ,0.1 ,6.0 ,
Ryan Mathews,PHI,6.3 ,26.4 ,0.3 ,1.8 ,15.3 ,0.1 ,0.2 ,6.0 ,
Charles Sims,TB,6.6 ,25.7 ,0.1 ,2.8 ,23.2 ,0.1 ,0.2 ,5.6 ,
C.J. Anderson,DEN,9.2 ,37.1 ,0.2 ,1.6 ,10.4 ,0.0 ,0.1 ,5.5 ,
Alfred Blue,HOU,10.5 ,37.5 ,0.1 ,1.3 ,11.0 ,0.0 ,0.1 ,5.4 ,
Theo Riddick,DET,3.1 ,11.1 ,0.1 ,4.3 ,34.4 ,0.1 ,0.1 ,5.4 ,
Jay Ajayi,MIA,7.2 ,33.5 ,0.2 ,0.8 ,5.5 ,0.0 ,0.1 ,5.2 ,
Ameer Abdullah,DET,7.0 ,27.5 ,0.2 ,1.5 ,11.0 ,0.1 ,0.1 ,5.2 ,
Alfred Morris,WAS,9.4 ,36.4 ,0.1 ,0.8 ,5.4 ,0.0 ,0.1 ,4.7 ,
Dexter McCluster,TEN,5.2 ,17.7 ,0.1 ,2.9 ,23.5 ,0.1 ,0.2 ,4.6 ,
Andre Ellington,ARI,4.4 ,19.1 ,0.1 ,2.1 ,18.1 ,0.0 ,0.2 ,4.5 ,
Shaun Draughn,SF,7.2 ,25.9 ,0.1 ,1.9 ,13.2 ,0.0 ,0.1 ,4.4 ,
Bilal Powell,NYJ,5.0 ,21.5 ,0.1 ,2.2 ,15.7 ,0.1 ,0.1 ,4.3 ,
Darren Sproles,PHI,3.7 ,14.1 ,0.1 ,2.5 ,21.2 ,0.1 ,0.1 ,4.3 ,
James White,NE,3.5 ,13.8 ,0.1 ,2.1 ,18.3 ,0.0 ,0.1 ,3.9 ,
Chris Thompson,WAS,2.5 ,10.6 ,0.0 ,3.1 ,23.3 ,0.1 ,0.1 ,3.8 ,
Chris Polk,HOU,5.6 ,20.3 ,0.1 ,1.2 ,9.4 ,0.0 ,0.1 ,3.6 ,
Javorius Allen,BAL,5.3 ,21.4 ,0.1 ,1.1 ,7.1 ,0.0 ,0.1 ,3.6 ,
Ahmad Bradshaw,IND,3.5 ,13.3 ,0.1 ,1.5 ,12.3 ,0.1 ,0.1 ,3.4 ,
Thomas Rawls,SEA,5.0 ,22.4 ,0.1 ,0.4 ,3.0 ,0.0 ,0.0 ,3.4 ,
Jonathan Grimes,HOU,4.5 ,16.0 ,0.0 ,1.5 ,12.1 ,0.1 ,0.1 ,3.3 ,
David Cobb,TEN,4.9 ,18.6 ,0.1 ,1.1 ,9.6 ,0.0 ,0.1 ,3.2 ,
Matt Forte,CHI,4.6 ,18.0 ,0.1 ,0.9 ,7.9 ,0.0 ,0.0 ,3.2 ,
Mike Tolbert,CAR,2.7 ,10.9 ,0.1 ,1.0 ,8.9 ,0.0 ,0.0 ,2.9 ,
Taiwan Jones,OAK,3.3 ,14.1 ,0.1 ,0.9 ,8.2 ,0.0 ,0.1 ,2.8 ,
Marcel Reece,OAK,0.9 ,4.1 ,0.0 ,1.8 ,15.5 ,0.1 ,0.0 ,2.7 ,
David Johnson,ARI,1.5 ,6.4 ,0.1 ,1.1 ,11.5 ,0.1 ,0.1 ,2.6 ,
Ka'Deem Carey,CHI,4.7 ,17.3 ,0.1 ,0.4 ,3.0 ,0.0 ,0.1 ,2.3 ,
Tevin Coleman,ATL,3.5 ,14.5 ,0.1 ,0.5 ,3.4 ,0.0 ,0.1 ,2.3 ,
De'Anthony Thomas,KC,1.1 ,5.2 ,0.0 ,1.6 ,13.9 ,0.0 ,0.0 ,2.2 ,
Denard Robinson,JAC,3.0 ,12.2 ,0.1 ,0.8 ,5.7 ,0.0 ,0.1 ,2.2 ,
Brandon Bolden,NE,2.0 ,7.4 ,0.1 ,1.1 ,8.9 ,0.1 ,0.1 ,2.2 ,
Kyle Juszczyk,BAL,0.2 ,0.7 ,0.0 ,2.0 ,15.7 ,0.1 ,0.1 ,2.2 ,
Jamize Olawale,OAK,2.1 ,8.2 ,0.1 ,0.7 ,5.5 ,0.0 ,0.0 ,2.0 ,
Tre Mason,STL,3.6 ,13.4 ,0.1 ,0.6 ,4.1 ,0.0 ,0.2 ,2.0 ,
Knile Davis,KC,2.2 ,9.8 ,0.1 ,0.4 ,2.6 ,0.0 ,0.1 ,1.9 ,
Spencer Ware,KC,2.4 ,10.1 ,0.1 ,0.4 ,2.3 ,0.0 ,0.0 ,1.9 ,
Donald Brown,SD,2.3 ,9.2 ,0.0 ,0.7 ,5.4 ,0.0 ,0.1 ,1.8 ,
Fred Jackson,SEA,1.2 ,5.6 ,0.0 ,1.1 ,9.2 ,0.0 ,0.0 ,1.7 ,
Trey Williams,DAL,2.5 ,10.8 ,0.1 ,0.7 ,5.4 ,0.0 ,0.1 ,1.7 ,
Matt Asiata,MIN,1.6 ,6.8 ,0.1 ,0.9 ,6.0 ,0.0 ,0.0 ,1.7 ,
Roy Helu,OAK,1.2 ,4.5 ,0.0 ,0.9 ,7.0 ,0.1 ,0.1 ,1.6 ,
Stevan Ridley,NYJ,2.7 ,10.8 ,0.0 ,0.6 ,3.5 ,0.0 ,0.1 ,1.6 ,
Kendall Gaskins,SF,3.2 ,10.0 ,0.0 ,0.6 ,4.9 ,0.0 ,0.1 ,1.4 ,
Benny Cunningham,STL,1.1 ,4.4 ,0.0 ,1.1 ,8.8 ,0.0 ,0.1 ,1.4 ,
Zach Line,MIN,0.8 ,2.6 ,0.1 ,0.3 ,4.9 ,0.0 ,0.0 ,1.4 ,
Jerick McKinnon,MIN,1.8 ,7.4 ,0.0 ,0.7 ,4.3 ,0.0 ,0.0 ,1.3 ,
Rod Smith,DAL,2.1 ,8.9 ,0.1 ,0.3 ,2.4 ,0.0 ,0.1 ,1.3 ,
Fozzy Whittaker,CAR,1.4 ,5.7 ,0.0 ,0.6 ,4.9 ,0.0 ,0.1 ,1.3 ,
Bruce Miller,SF,0.3 ,1.1 ,0.0 ,0.8 ,8.3 ,0.0 ,0.0 ,1.1 ,
Derrick Coleman,SEA,0.2 ,0.5 ,0.0 ,0.3 ,2.9 ,0.1 ,0.0 ,0.9 ,
Antone Smith,CHI,1.2 ,4.1 ,0.0 ,0.4 ,2.3 ,0.0 ,0.1 ,0.9 ,
Bishop Sankey,TEN,1.2 ,4.2 ,0.0 ,0.3 ,2.5 ,0.0 ,0.1 ,0.9 ,
John Kuhn,GB,0.4 ,1.6 ,0.0 ,0.6 ,4.2 ,0.0 ,0.0 ,0.8 ,
Bryce Brown,SEA,0.8 ,3.5 ,0.0 ,0.3 ,2.2 ,0.0 ,0.0 ,0.8 ,
Anthony Dixon,BUF,0.9 ,3.5 ,0.0 ,0.4 ,3.2 ,0.0 ,0.1 ,0.7 ,
Tommy Bohanon,NYJ,0.4 ,1.1 ,0.0 ,0.5 ,5.8 ,0.0 ,0.0 ,0.7 ,
Jalston Fowler,TEN,0.4 ,1.3 ,0.0 ,0.2 ,2.7 ,0.0 ,0.0 ,0.7 ,
Darrel Young,WAS,0.9 ,2.5 ,0.0 ,0.2 ,1.3 ,0.0 ,0.0 ,0.6 ,
Anthony Sherman,KC,0.2 ,0.5 ,0.0 ,0.4 ,2.8 ,0.0 ,0.0 ,0.5 ,
Patrick DiMarco,ATL,0.1 ,0.1 ,0.0 ,0.5 ,4.6 ,0.0 ,0.0 ,0.5 ,
Terron Ward,ATL,0.4 ,1.3 ,0.0 ,0.3 ,2.7 ,0.0 ,0.0 ,0.5 ,
Ryan Hewitt,CIN,0.4 ,1.3 ,0.0 ,0.3 ,2.7 ,0.0 ,0.0 ,0.5 ,
Senorise Perry,CHI,0.4 ,1.4 ,0.0 ,0.3 ,2.2 ,0.0 ,0.0 ,0.4 ,
Daniel Herron,BUF,0.6 ,1.9 ,0.0 ,0.2 ,1.2 ,0.0 ,0.0 ,0.4 ,
Jay Prosch,HOU,0.5 ,2.8 ,0.0 ,0.1 ,0.5 ,0.0 ,0.0 ,0.4 ,
Toby Gerhart,JAC,0.6 ,2.3 ,0.0 ,0.1 ,0.9 ,0.0 ,0.0 ,0.4 ,
Jerome Felton,BUF,0.5 ,1.9 ,0.0 ,0.2 ,1.3 ,0.0 ,0.0 ,0.3 ,
Damien Williams,MIA,0.2 ,0.5 ,0.0 ,0.3 ,2.5 ,0.0 ,0.0 ,0.3 ,
Bobby Rainey,TB,0.4 ,1.3 ,0.0 ,0.2 ,1.3 ,0.0 ,0.0 ,0.3 ,
Cedric Peerman,CIN,0.2 ,0.8 ,0.0 ,0.2 ,1.5 ,0.0 ,0.0 ,0.3 ,
Rex Burkhead,CIN,0.0 ,0.0 ,0.0 ,0.3 ,2.3 ,0.0 ,0.0 ,0.3 ,
Juwan Thompson,DEN,0.3 ,0.9 ,0.0 ,0.2 ,1.4 ,0.0 ,0.0 ,0.3 ,
Cameron Artis-Payne,CAR,0.7 ,2.0 ,0.0 ,0.1 ,0.4 ,0.0 ,0.0 ,0.3 ,
Stepfan Taylor,ARI,0.4 ,1.6 ,0.0 ,0.1 ,0.4 ,0.0 ,0.0 ,0.3 ,
Terrance West,BAL,0.6 ,2.0 ,0.0 ,0.0 ,0.2 ,0.0 ,0.0 ,0.2 ,
Tyler Clutts,DAL,0.3 ,0.7 ,0.0 ,0.4 ,1.4 ,0.0 ,0.1 ,0.2 ,
Michael Burton,DET,0.3 ,0.9 ,0.0 ,0.1 ,0.9 ,0.0 ,0.0 ,0.2 ,
Alonzo Harris,GB,0.3 ,1.3 ,0.0 ,0.1 ,0.2 ,0.0 ,0.0 ,0.2 ,
Aaron Ripkowski,GB,0.0 ,0.1 ,0.0 ,0.1 ,1.1 ,0.0 ,0.0 ,0.2 ,
Jorvorskie Lane,TB,0.1 ,0.3 ,0.0 ,0.2 ,1.7 ,0.0 ,0.0 ,0.2 ,
Raheem Mostert,BAL,0.2 ,0.8 ,0.0 ,0.1 ,0.8 ,0.0 ,0.0 ,0.2 ,
Chase Reynolds,STL,0.2 ,0.7 ,0.0 ,0.1 ,0.7 ,0.0 ,0.0 ,0.2 ,
Travaris Cadet,SF,0.1 ,0.1 ,0.0 ,0.2 ,1.5 ,0.0 ,0.0 ,0.2 ,
Bernard Pierce,JAC,0.2 ,0.6 ,0.0 ,0.0 ,0.3 ,0.0 ,0.0 ,0.1 ,
George Winn,DET,0.3 ,0.2 ,0.0 ,0.1 ,0.1 ,0.0 ,0.0 ,0.0 ,
Kenjon Barner,PHI,0.1 ,0.2 ,0.0 ,0.0 ,0.1 ,0.0 ,0.0 ,0.0 ,
Isaiah Pead,PIT,0.0 ,0.0 ,0.0 ,0.0 ,0.0 ,0.0 ,0.0 ,0.0 ,
Will Tukuafu,SEA,0.0 ,0.0 ,0.0 ,0.0 ,0.0 ,0.0 ,0.0 ,0.0 ,
Andre Williams,NYG,0.0 ,0.0 ,0.0 ,0.0 ,0.0 ,0.0 ,0.0 ,0.0 ,
Orleans Darkwa,NYG,0.0 ,0.0 ,0.0 ,0.0 ,0.0 ,0.0 ,0.0 ,0.0 ,
Duke Johnson,CLE,0.0 ,0.0 ,0.0 ,0.0 ,0.0 ,0.0 ,0.0 ,0.0 ,
Brandon Wegher,CAR,0.0 ,0.0 ,0.0 ,0.0 ,0.0 ,0.0 ,0.0 ,0.0 ,
James Develin,NE,0.0 ,0.0 ,0.0 ,0.0 ,0.0 ,0.0 ,0.0 ,0.0 ,
Nikita Whitlock,NYG,0.0 ,0.0 ,0.0 ,0.0 ,0.0 ,0.0 ,0.0 ,0.0 ,
DeAngelo Williams,PIT,0.0 ,0.0 ,0.0 ,0.0 ,0.0 ,0.0 ,0.0 ,0.0 ,
Rashad Jennings,NYG,0.0 ,0.0 ,0.0 ,0.0 ,0.0 ,0.0 ,0.0 ,0.0 ,
Mark Ingram,NO,0.0 ,0.0 ,0.0 ,0.0 ,0.0 ,0.0 ,0.0 ,0.0 ,
Jordan Todman,PIT,0.0 ,0.0 ,0.0 ,0.0 ,0.0 ,0.0 ,0.0 ,0.0 ,
Will Johnson,PIT,0.0 ,0.0 ,0.0 ,0.0 ,0.0 ,0.0 ,0.0 ,0.0 ,
Isaiah Crowell,CLE,0.0 ,0.0 ,0.0 ,0.0 ,0.0 ,0.0 ,0.0 ,0.0 ,
Malcolm Johnson,CLE,0.0 ,0.0 ,0.0 ,0.0 ,0.0 ,0.0 ,0.0 ,0.0 ,
Marcus Murphy,NO,0.0 ,0.0 ,0.0 ,0.0 ,0.0 ,0.0 ,0.0 ,0.0 ,
Quan Bray,IND,0.0 ,0.0 ,0.0 ,0.0 ,0.0 ,0.0 ,0.0 ,0.0 ,
Roosevelt Nix,PIT,0.0 ,0.0 ,0.0 ,0.0 ,0.0 ,0.0 ,0.0 ,0.0 ,
Tim Hightower,NO,0.0 ,0.0 ,0.0 ,0.0 ,0.0 ,0.0 ,0.0 ,0.0 ,
C.J. Spiller,NO,0.0 ,0.0 ,0.0 ,0.0 ,0.0 ,0.0 ,0.0 ,0.0 ,
Joe Banyard,JAC,0.0 ,0.0 ,0.0 ,0.0 ,0.0 ,0.0 ,0.0 ,0.0 ,
Shane Vereen,NYG,0.0 ,0.0 ,0.0 ,0.0 ,0.0 ,0.0 ,0.0 ,0.0 ,
Rob Gronkowski,NE,6.1 ,77.4 ,0.8 ,0.0 ,12.6 ,
Greg Olsen,CAR,5.3 ,65.2 ,0.6 ,0.0 ,10.3 ,
Antonio Gates,SD,5.1 ,57.7 ,0.6 ,0.0 ,9.2 ,
Tyler Eifert,CIN,4.9 ,55.1 ,0.6 ,0.0 ,9.1 ,
Jimmy Graham,SEA,4.5 ,54.2 ,0.6 ,0.0 ,8.9 ,
Travis Kelce,KC,4.8 ,56.3 ,0.5 ,0.1 ,8.5 ,
Delanie Walker,TEN,4.4 ,50.7 ,0.4 ,0.0 ,7.7 ,
Jordan Reed,WAS,4.9 ,49.2 ,0.5 ,0.1 ,7.6 ,
Jason Witten,DAL,4.7 ,51.1 ,0.4 ,0.1 ,7.5 ,
Martellus Bennett,CHI,4.7 ,47.1 ,0.4 ,0.0 ,7.3 ,
Eric Ebron,DET,4.1 ,47.0 ,0.3 ,0.0 ,6.8 ,
Zach Ertz,PHI,3.5 ,42.0 ,0.4 ,0.0 ,6.7 ,
Richard Rodgers,GB,3.3 ,33.6 ,0.5 ,0.0 ,6.1 ,
Charles Clay,BUF,4.1 ,44.2 ,0.2 ,0.0 ,5.8 ,
Jacob Tamme,ATL,3.8 ,43.0 ,0.2 ,0.0 ,5.4 ,
Julius Thomas,JAC,3.5 ,38.2 ,0.3 ,0.0 ,5.3 ,
Crockett Gillmore,BAL,3.2 ,36.9 ,0.3 ,0.0 ,5.2 ,
Austin Seferian-Jenkins,TB,2.6 ,34.7 ,0.3 ,0.1 ,5.2 ,
Coby Fleener,IND,3.4 ,37.4 ,0.2 ,0.0 ,4.9 ,
Vernon Davis,DEN,2.4 ,30.2 ,0.2 ,0.0 ,4.3 ,
Ladarius Green,SD,2.2 ,28.8 ,0.2 ,0.0 ,4.1 ,
Jordan Cameron,MIA,2.5 ,29.2 ,0.2 ,0.0 ,4.0 ,
Kyle Rudolph,MIN,2.4 ,24.9 ,0.2 ,0.0 ,3.8 ,
Jared Cook,STL,2.5 ,28.2 ,0.1 ,0.1 ,3.5 ,
Mychal Rivera,OAK,2.3 ,22.3 ,0.2 ,0.0 ,3.2 ,
Anthony Fasano,TEN,1.8 ,20.1 ,0.2 ,0.0 ,3.1 ,
Darren Fells,ARI,1.7 ,20.6 ,0.2 ,0.0 ,3.1 ,
Dwayne Allen,IND,2.0 ,22.3 ,0.1 ,0.0 ,3.0 ,
Owen Daniels,DEN,2.0 ,21.0 ,0.2 ,0.0 ,3.0 ,
Ryan Griffin,HOU,2.1 ,23.6 ,0.1 ,0.0 ,3.0 ,
Jermaine Gresham,ARI,2.0 ,21.1 ,0.1 ,0.0 ,2.9 ,
Zach Miller,CHI,1.5 ,15.1 ,0.2 ,0.0 ,2.9 ,
Garrett Celek,SF,2.1 ,21.2 ,0.1 ,0.0 ,2.8 ,
Maxx Williams,BAL,2.1 ,21.3 ,0.1 ,0.0 ,2.7 ,
Jake Stoneburner,MIA,1.2 ,12.1 ,0.3 ,0.0 ,2.7 ,
Luke Willson,SEA,1.4 ,18.5 ,0.1 ,0.0 ,2.6 ,
Clive Walford,OAK,1.5 ,15.9 ,0.2 ,0.0 ,2.6 ,
Scott Chandler,NE,1.5 ,16.7 ,0.2 ,0.0 ,2.6 ,
Vance McDonald,SF,1.8 ,18.6 ,0.1 ,0.0 ,2.4 ,
Lance Kendricks,STL,1.4 ,14.2 ,0.2 ,0.0 ,2.3 ,
Brent Celek,PHI,1.4 ,16.0 ,0.1 ,0.1 ,2.3 ,
Dion Sims,MIA,1.5 ,15.2 ,0.1 ,0.0 ,2.3 ,
Ed Dickson,CAR,1.4 ,14.7 ,0.1 ,0.0 ,2.2 ,
Brandon Myers,TB,1.5 ,14.4 ,0.1 ,0.0 ,1.8 ,
Rhett Ellison,MIN,1.1 ,10.3 ,0.1 ,0.0 ,1.8 ,
Nick Boyle,BAL,1.3 ,12.1 ,0.1 ,0.0 ,1.7 ,
Justin Perillo,GB,1.2 ,12.8 ,0.1 ,0.0 ,1.7 ,
Derek Carrier,WAS,1.1 ,10.5 ,0.1 ,0.0 ,1.6 ,
Gavin Escobar,DAL,1.0 ,11.0 ,0.1 ,0.1 ,1.5 ,
Marcedes Lewis,JAC,0.9 ,9.2 ,0.1 ,0.0 ,1.5 ,
Brandon Pettigrew,DET,1.0 ,9.9 ,0.1 ,0.0 ,1.5 ,
Levine Toilolo,ATL,1.1 ,10.6 ,0.1 ,0.0 ,1.4 ,
Kellen Davis,NYJ,0.7 ,7.5 ,0.1 ,0.0 ,1.4 ,
Troy Niklas,ARI,0.4 ,4.2 ,0.2 ,0.0 ,1.4 ,
Cameron Brate,TB,0.7 ,8.0 ,0.1 ,0.0 ,1.3 ,
C.J. Fiedorowicz,HOU,1.1 ,10.3 ,0.1 ,0.1 ,1.3 ,
Ryan Hewitt,CIN,0.8 ,6.8 ,0.1 ,0.0 ,1.3 ,
Lee Smith,OAK,0.8 ,7.8 ,0.1 ,0.0 ,1.2 ,
Virgil Green,DEN,0.7 ,7.2 ,0.1 ,0.0 ,1.2 ,
Craig Stevens,TEN,0.7 ,7.3 ,0.1 ,0.0 ,1.1 ,
James O'Shaughnessy,KC,0.8 ,7.3 ,0.1 ,0.0 ,1.0 ,
Chris Gragg,BUF,0.7 ,7.5 ,0.0 ,0.0 ,1.0 ,
Jeff Cumberland,NYJ,0.7 ,6.5 ,0.1 ,0.0 ,1.0 ,
John Phillips,SD,0.7 ,6.8 ,0.1 ,0.0 ,1.0 ,
Garrett Graham,HOU,0.6 ,6.0 ,0.0 ,0.0 ,0.9 ,
James Hanna,DAL,0.4 ,3.9 ,0.1 ,0.0 ,0.8 ,
MyCole Pruitt,MIN,0.5 ,5.2 ,0.0 ,0.0 ,0.7 ,
Tony Moeaki,ATL,0.5 ,4.9 ,0.0 ,0.0 ,0.7 ,
Jack Doyle,IND,0.4 ,3.9 ,0.0 ,0.0 ,0.6 ,
Demetrius Harris,KC,0.3 ,3.0 ,0.0 ,0.0 ,0.5 ,
Luke Stocker,TB,0.3 ,3.3 ,0.0 ,0.0 ,0.4 ,
Brandon Williams,ARI,0.2 ,1.8 ,0.0 ,0.0 ,0.3 ,
Clay Harbor,JAC,0.2 ,2.3 ,0.0 ,0.0 ,0.3 ,
Tim Wright,DET,0.2 ,2.0 ,0.0 ,0.0 ,0.3 ,
Blake Bell,SF,0.2 ,2.3 ,0.0 ,0.0 ,0.2 ,
Trey Burton,PHI,0.2 ,1.8 ,0.0 ,0.0 ,0.2 ,
Anthony McCoy,WAS,0.2 ,2.0 ,0.0 ,0.0 ,0.2 ,
Phillip Supernaw,TEN,0.1 ,1.7 ,0.0 ,0.0 ,0.2 ,
Michael Williams,NE,0.2 ,1.3 ,0.0 ,0.0 ,0.2 ,
Cory Harkey,STL,0.1 ,1.0 ,0.0 ,0.0 ,0.1 ,
Brian Parker,KC,0.1 ,0.9 ,0.0 ,0.0 ,0.1 ,
Chase Ford,BAL,0.1 ,0.9 ,0.0 ,0.0 ,0.1 ,
Nic Jacobs,JAC,0.1 ,0.6 ,0.0 ,0.0 ,0.1 ,
Geoff Swaim,DAL,0.1 ,0.4 ,0.0 ,0.0 ,0.0 ,
Matthew Mulligan,BUF,0.1 ,0.4 ,0.0 ,0.0 ,0.0 ,
Cooper Helfet,SEA,0.0 ,0.0 ,0.0 ,0.0 ,0.0 ,
Tyler Kroft,CIN,0.0 ,0.2 ,0.0 ,0.0 ,0.0 ,
David Johnson,SD,0.0 ,0.2 ,0.0 ,0.0 ,0.0 ,
Khari Lee,CHI,0.0 ,0.0 ,0.0 ,0.0 ,0.0 ,
Benjamin Watson,NO,0.0 ,0.0 ,0.0 ,0.0 ,0.0 ,
Kennard Backman,GB,0.0 ,0.0 ,0.0 ,0.0 ,0.0 ,
Jim Dray,CLE,0.0 ,0.0 ,0.0 ,0.0 ,0.0 ,
Sean McGrath,SD,0.0 ,0.0 ,0.0 ,0.0 ,0.0 ,
Michael Hoomanawanui,NO,0.0 ,0.0 ,0.0 ,0.0 ,0.0 ,
Josh Hill,NO,0.0 ,0.0 ,0.0 ,0.0 ,0.0 ,
Jesse James,PIT,0.0 ,0.0 ,0.0 ,0.0 ,0.0 ,
Dorin Dickerson,TEN,0.0 ,0.0 ,0.0 ,0.0 ,0.0 ,
Matt Spaeth,PIT,0.0 ,0.0 ,0.0 ,0.0 ,0.0 ,
Gary Barnidge,CLE,0.0 ,0.0 ,0.0 ,0.0 ,0.0 ,
Gabe Holmes,OAK,0.0 ,0.0 ,0.0 ,0.0 ,0.0 ,
Andrew Quarless,GB,0.0 ,0.0 ,0.0 ,0.0 ,0.0 ,
Larry Donnell,NYG,0.0 ,0.0 ,0.0 ,0.0 ,0.0 ,
Will Tye,NYG,0.0 ,0.0 ,0.0 ,0.0 ,0.0 ,
C.J. Uzomah,CIN,0.0 ,0.0 ,0.0 ,0.0 ,0.0 ,
Heath Miller,PIT,0.0 ,0.0 ,0.0 ,0.0 ,0.0 ,
Mitchell Henry,GB,0.0 ,0.0 ,0.0 ,0.0 ,0.0 ,
